Workbook

Sheet Milestones
A1: Reanalysis → manuscript
A2: Target: manuscript ready 23 Dec 2026 • final proof 30 Dec • emergency buffer 31 Dec.
A4: Milestone | B4: Deadline | C4: Required outcome | D4: Blocks through | E4: Checklist done
A5: M1 Sources and design ready | B5: 46309 | C5: Audited source register, documented outlet criteria and eligibility protocol | D5: 2 | E5: =COUNTIFS(Checklist!B5:B89,"<="&D5,Checklist!E5:E89,"Done")/COUNTIF(Checklist!B5:B89,"<="&D5) -> 0
A6: M2 Pilot validated for scaling | B6: 46325 | C6: Working codebook and prompt, separate assessment, documented scale/no-scale decision | D6: 5 | E6: =COUNTIFS(Checklist!B5:B89,"<="&D6,Checklist!E5:E89,"Done")/COUNTIF(Checklist!B5:B89,"<="&D6) -> 0
A7: M3 Corpus extraction complete | B7: 46338 | C7: Traceable outputs, failure register and targeted source review | D7: 7 | E7: =COUNTIFS(Checklist!B5:B89,"<="&D7,Checklist!E5:E89,"Done")/COUNTIF(Checklist!B5:B89,"<="&D7) -> 0
A8: M4 Coding and interpretations settled | B8: 46352 | C8: Final coding, configuration memos and comparative evidence | D8: 9 | E8: =COUNTIFS(Checklist!B5:B89,"<="&D8,Checklist!E5:E89,"Done")/COUNTIF(Checklist!B5:B89,"<="&D8) -> 0
A9: M5 Results complete | B9: 46360 | C9: Reproducible summaries, checked sensitivity analyses and results draft | D9: 11 | E9: =COUNTIFS(Checklist!B5:B89,"<="&D9,Checklist!E5:E89,"Done")/COUNTIF(Checklist!B5:B89,"<="&D9) -> 0
A10: M6 Complete manuscript draft | B10: 46371 | C10: Revised methods, discussion and conclusion integrated with frozen intro/lit | D10: 13 | E10: =COUNTIFS(Checklist!B5:B89,"<="&D10,Checklist!E5:E89,"Done")/COUNTIF(Checklist!B5:B89,"<="&D10) -> 0
A11: M7 Publication package ready | B11: 46379 | C11: Verified claims, references, quotations, tables and repository materials | D11: 15 | E11: =COUNTIFS(Checklist!B5:B89,"<="&D11,Checklist!E5:E89,"Done")/COUNTIF(Checklist!B5:B89,"<="&D11) -> 0
A12: Final deadline | B12: 46386 | C12: Final proof and manuscript frozen; 31 December is emergency buffer only | D12: 16 | E12: =COUNTIFS(Checklist!B5:B89,"<="&D12,Checklist!E5:E89,"Done")/COUNTIF(Checklist!B5:B89,"<="&D12) -> 0
A15: Progress counts completed checklist items cumulatively; it does not replace the completion conditions or validation gates.
A17: Planning windows are calendar days, not estimates of full-time effort. No automatic task extension.

Sheet Work blocks
A1: Bounded work blocks
A2: 2026 • Japan time • 2–3 calendar days per block; gaps remain free for other projects.
A4: Block | B4: Work block | C4: Start | D4: Deadline | E4: Deliverable | F4: Checklist done | G4: Actual completion | H4: Deliverable / version | I4: Unresolved issue | J4: Next bounded action | K4: Milestone impact | L4: Completion condition
A5: 1 | B5: Source audit | C5: 46300 | D5: 46302 | E5: frozen source register and source-quality report. | F5: =COUNTIFS(Checklist!B5:B89,A5,Checklist!E5:E89,"Done")/COUNTIF(Checklist!B5:B89,A5) -> 0 | L5: Done when every source has a unique ID and a recorded quality status; unresolved retrieval cases have an explicit disposition.
A6: 2 | B6: Eligibility and outlet protocol | C6: 46307 | D6: 46309 | E6: protocol v1 and supported outlet mapping. Completes M1. | F6: =COUNTIFS(Checklist!B5:B89,A6,Checklist!E5:E89,"Done")/COUNTIF(Checklist!B5:B89,A6) -> 0 | L6: Done when eligibility and classification decisions can be applied without relying on anticipated results.
A7: 3 | B7: Human-led pilot | C7: 46314 | D7: 46316 | E7: pilot source interpretations, provisional codebook and extraction prompt. | F7: =COUNTIFS(Checklist!B5:B89,A7,Checklist!E5:E89,"Done")/COUNTIF(Checklist!B5:B89,A7) -> 0 | L7: Done when the pilot yields a usable extraction specification and explicit coding decisions.
A8: 4 | B8: Calibration | C8: 46321 | D8: 46323 | E8: working prompt/codebook and calibration report. | F8: =COUNTIFS(Checklist!B5:B89,A8,Checklist!E5:E89,"Done")/COUNTIF(Checklist!B5:B89,A8) -> 0 | L8: Done when remaining errors are characterised and the working procedure is ready for separate assessment.
A9: 5 | B9: Separate assessment | C9: 46324 | D9: 46325 | E9: assessment report and scale/no-scale decision. Completes M2 if passed. | F9: =COUNTIFS(Checklist!B5:B89,A9,Checklist!E5:E89,"Done")/COUNTIF(Checklist!B5:B89,A9) -> 0 | L9: Done when the decision is supported by the predeclared criteria. Failure uses the next block for repair, not premature full-corpus processing.
A10: 6 | B10: Corpus processing, batch A | C10: 46329 | D10: 46331 | E10: processed first batch and monitoring log. | F10: =COUNTIFS(Checklist!B5:B89,A10,Checklist!E5:E89,"Done")/COUNTIF(Checklist!B5:B89,A10) -> 0 | L10: Done when the planned batch has outputs or recorded failures and monitoring supports continuation.
A11: 7 | B11: Corpus processing, batch B and reconciliation | C11: 46336 | D11: 46338 | E11: complete extraction register and reviewed exception queue. Completes M3. | F11: =COUNTIFS(Checklist!B5:B89,A11,Checklist!E5:E89,"Done")/COUNTIF(Checklist!B5:B89,A11) -> 0 | L11: Done when every source has a final eligibility/output status and consequential extraction problems have been addressed.
A12: 8 | B12: Final coding consistency | C12: 46343 | D12: 46345 | E12: analytical dataset and final codebook. | F12: =COUNTIFS(Checklist!B5:B89,A12,Checklist!E5:E89,"Done")/COUNTIF(Checklist!B5:B89,A12) -> 0 | L12: Done when the dataset matches the final definitions and is ready for descriptive analysis.
A13: 9 | B13: Reconstruction and comparative close reading | C13: 46350 | D13: 46352 | E13: configuration memos and SIPC comparison matrix. Completes M4. | F13: =COUNTIFS(Checklist!B5:B89,A13,Checklist!E5:E89,"Done")/COUNTIF(Checklist!B5:B89,A13) -> 0 | L13: Done when each retained configuration has an inspectable argument and counterevidence has been considered. If key interpretations remain unresolved, use the contingency block rather than inventing closure.
A14: 10 | B14: Numerical summaries and sensitivity | C14: 46357 | D14: 46358 | E14: reproducible tables and comparison checks. | F14: =COUNTIFS(Checklist!B5:B89,A14,Checklist!E5:E89,"Done")/COUNTIF(Checklist!B5:B89,A14) -> 0 | L14: Done when headline quantities and comparative claims are checked and limitations recorded.
A15: 11 | B15: Results and evidence | C15: 46359 | D15: 46360 | E15: results draft with tables and quotation register. Completes M5. | F15: =COUNTIFS(Checklist!B5:B89,A15,Checklist!E5:E89,"Done")/COUNTIF(Checklist!B5:B89,A15) -> 0 | L15: Done when every principal result has a traceable numerical or textual basis.
A16: 12 | B16: Contingency or external review | C16: 46364 | D16: 46366 | E16: resolved blocker list or reviewed results draft. | F16: =COUNTIFS(Checklist!B5:B89,A16,Checklist!E5:E89,"Done")/COUNTIF(Checklist!B5:B89,A16) -> 0 | L16: This block is reserved capacity, not permission to extend previous tasks indefinitely.
A17: 13 | B17: Complete manuscript | C17: 46369 | D17: 46371 | E17: complete manuscript draft. Completes M6. | F17: =COUNTIFS(Checklist!B5:B89,A17,Checklist!E5:E89,"Done")/COUNTIF(Checklist!B5:B89,A17) -> 0 | L17: Done when all sections form a complete argument and no substantive placeholder is concealed.
A18: 14 | B18: Claim and publication audit | C18: 46374 | D18: 46376 | E18: corrected manuscript and verified evidence package. | F18: =COUNTIFS(Checklist!B5:B89,A18,Checklist!E5:E89,"Done")/COUNTIF(Checklist!B5:B89,A18) -> 0 | L18: Done when the manuscript and supporting materials agree.
A19: 15 | B19: Package and freeze | C19: 46378 | D19: 46379 | E19: manuscript ready for submission or sharing. Completes M7. | F19: =COUNTIFS(Checklist!B5:B89,A19,Checklist!E5:E89,"Done")/COUNTIF(Checklist!B5:B89,A19) -> 0
A20: 16 | B20: Final buffer | C20: 46385 | D20: 46386 | E20: final proof and deadline confirmation. | F20: =COUNTIFS(Checklist!B5:B89,A20,Checklist!E5:E89,"Done")/COUNTIF(Checklist!B5:B89,A20) -> 0 | L20: 31 December is reserved for an emergency correction, not new analysis. Submission, public repository publication and other external releases remain separate actions requiring the author's instruction.

Sheet Checklist
A1: Reanalysis checklist
A2: Edit yellow cells. “Done” counts toward block and milestone progress.
A4: Task ID | B4: Block | C4: Work block | D4: Action | E4: Status | F4: Completed on | G4: Notes
A5: 1.1 | B5: 1 | C5: Source audit | D5: Preserve the previous analytical files and record their versions. | E5: Not started
A6: 1.2 | B6: 1 | C6: Source audit | D6: Identify the broadest available source pool; do not inherit the 917-record eligibility boundary automatically. | E6: Not started
A7: 1.3 | B7: 1 | C7: Source audit | D7: Verify IDs, metadata, URLs and source-text linkage. | E7: Not started
A8: 1.4 | B8: 1 | C8: Source audit | D8: Check exact/near duplicates, empty texts, truncation and obvious extraction artefacts. | E8: Not started
A9: 1.5 | B9: 1 | C9: Source audit | D9: Repair retrievable problem texts and record unresolved cases without overwriting originals. | E9: Not started
A10: 1.6 | B10: 1 | C10: Source audit | D10: Assign stable source locations and text hashes for evidence checking. | E10: Not started
A11: 2.1 | B11: 2 | C11: Eligibility and outlet protocol | D11: Specify the six SIPC dimensions and analytical fields. | E11: Not started
A12: 2.2 | B12: 2 | C12: Eligibility and outlet protocol | D12: Define explicit, indirect and absent educational AI futures, including present applications and uncertain cases. | E12: Not started
A13: 2.3 | B13: 2 | C13: Eligibility and outlet protocol | D13: Specify retention of multiple visions and conflicting speakers. | E13: Not started
A14: 2.4 | B14: 2 | C14: Eligibility and outlet protocol | D14: Define domestic, foreign and transnational coverage labels. | E14: Not started
A15: 2.5 | B15: 2 | C15: Eligibility and outlet protocol | D15: Document outlet-selection rationale and institutional evidence for grouping; revise labels where necessary. | E15: Not started
A16: 2.6 | B16: 2 | C16: Eligibility and outlet protocol | D16: Keep outlet-group labels out of extraction prompts. | E16: Not started
... A89: 16.3 | B89: 16 | C89: Final buffer | D89: Confirm the final package is complete by 30 December. | E89: Not started

Sheet Working rules
A1: Working rules and scope
A2: Source: methods/reanalysis_checklist_and_deadlines.md • plan dated 4 October 2026.
A4: Topic | B4: Instruction
A5: Scope | B5: This plan retains the existing source collection and restarts analysis from full article texts. Intro and literature review remain frozen, apart from corrections required by the final evidence. Existing extractions, coding and configurations are preserved as the earlier analysis; they are not the reference standard for the new run.
A6: How to update | B6: Update task statuses and completion dates in Checklist. Record deliverable/version, blockers, next action and milestone impact in Work blocks. All yellow cells are editable.
A7: Working rule | B7: Each scheduled block lasts 2–3 calendar days. Reserve focused sessions within the block; a block does not assume full-time work every day.
A8: Working rule | B8: Dates between blocks are available for other projects. Do not fill them with optional analysis.
A9: Working rule | B9: Start each block with its stated deliverable and stop when the completion condition is met.
A10: Working rule | B10: At the end of an unfinished block, record the exact blocker and remaining work. Use a later contingency block or split the remainder into a bounded task; do not silently extend the deadline.
A11: Working rule | B11: Pilot and assessment are gates: do not scale processing while consequential extraction errors remain unresolved. If this delays a milestone, reduce optional analyses before weakening validation.
A12: Working rule | B12: Keep one protocol, versioned prompts and codebook, and a decision log. Revisit records affected by revisions rather than rerunning everything by default.
A13: Working rule | B13: Add analyses only if required by an RQ or a demonstrated validity problem. Extra models, topic modelling and causal temporal analysis are outside the default scope.
A14: Working rule | B14: Do not claim independent validation without independent ratings. Document the actual reviewer arrangement.
A15: End-of-block record | B15: For each block, record: actual completion date; deliverable/version; unresolved issue; next bounded action; effect on the next milestone. If behind schedule, prioritise source fidelity, validation and RQ evidence, and remove optional analyses first.
A16: Final buffer | B16: 31 December is reserved for emergency correction, not new analysis. External releases require the author’s instruction.
